tconst,titleType,primaryTitle,originalTitle,isAdult,startYear,endYear,runtimeMinutes,genres,averageRating,numVotes
tt14946614,movie,(re)começo,(re)começo,0,2021,\N,40,Drama,10.0,6
tt21960166,movie,7 Days in a Coma,7 Days in a Coma,0,2017,\N,\N,Drama,10.0,7
tt34431038,movie,87 Candles,87 Candles,0,2024,\N,55,"Biography,Documentary,Sport",10.0,6
tt16281982,movie,A Story for Winter,A Story for Winter,0,2021,\N,\N,Drama,10.0,9
tt26421439,movie,Ad memoriam rei perpetuam,Ad memoriam rei perpetuam,0,2020,\N,\N,Documentary,10.0,6
tt33368211,movie,Stray Dreams,Adespota oneira,0,2024,\N,92,Drama,10.0,6
tt0103649,movie,All I Know Is,All I Know Is,0,1992,\N,\N,Drama,10.0,13
tt13509580,movie,Allure Magazine: Fashion Backstage Paris-Milan-New York (1996-2004),Allure Magazine: Fashion Backstage Paris-Milan-New York (1996-2004),0,2004,\N,\N,Documentary,10.0,7
tt17023288,movie,Amends of the Father,Amends of the Father,0,2023,\N,\N,Drama,10.0,7
tt8936610,movie,Anne and Andy,Anne and Andy,0,2017,\N,110,"Drama,Music",10.0,5
tt8215820,movie,Are We Making a Film? Behind the Scenes: Follow the Dead,Are We Making a Film? Behind the Scenes: Follow the Dead,0,2018,\N,67,Documentary,10.0,10
tt12674830,movie,As Crianças do Lixão,As Crianças do Lixão,0,2018,\N,78,Documentary,10.0,9
tt15108182,movie,Ashes to Ashes,Ashes to Ashes,0,2021,\N,49,Documentary,10.0,7
tt15161046,movie,Asunción,Asunción,0,2021,\N,\N,Drama,10.0,6
tt15728808,movie,At Three,At Three,0,2021,\N,48,Drama,10.0,8
tt2881510,movie,Badnam Gali,Badnam Gali,0,1990,\N,\N,Thriller,10.0,7
tt19268898,movie,Behind Bruised,Behind Bruised,0,2022,\N,72,Documentary,10.0,7
tt27529215,movie,Bindori,Bindori,0,2023,\N,\N,\N,10.0,5
tt15047258,movie,Blind Surfer with Pete Gustin,Blind Surfer with Pete Gustin,0,2020,\N,\N,Reality-TV,10.0,8
tt33098449,movie,Bubbly Bindaas,Bubbly Bindaas,0,2024,\N,127,Comedy,10.0,5
tt13476206,movie,Bully the Dead Don't Die,Bully the Dead Don't Die,0,2020,\N,\N,Crime,10.0,7
tt34387755,movie,Casebre,Casebre,0,2024,\N,\N,"Comedy,Drama",10.0,11
tt12445526,movie,Chick Corea: In the Mind of a Master,Chick Corea: In the Mind of a Master,0,2019,\N,54,Documentary,10.0,6
tt34564079,movie,Clown II,Clown II,0,2024,\N,141,"Comedy,Horror",10.0,7
tt28488638,movie,Debate Wars,Debate Wars,0,2023,\N,69,Documentary,10.0,8
tt16043110,movie,Decameron 2020,Decameron 2020,0,2021,\N,85,Documentary,10.0,6
tt9099504,movie,Dhoolipata,Dhoolipata,0,2018,\N,132,Drama,10.0,7
tt0458223,movie,Em Busca da Ilha Desconhecida,Em Busca da Ilha Desconhecida,0,2001,\N,52,Documentary,10.0,6
tt13509826,movie,FDA: Fresh Empire Campaign,FDA: Fresh Empire Campaign,0,2016,\N,\N,Reality-TV,10.0,13
tt5845820,movie,Fear No Gumbo,Fear No Gumbo,0,2016,\N,90,Documentary,10.0,7
tt26717296,movie,Freak City Skates the Plaza,Freak City Skates the Plaza,0,2023,\N,75,Documentary,10.0,7
tt9278400,movie,Gallo de pelea,Gallo de pelea,0,2020,\N,110,Drama,10.0,7
tt27430155,movie,Giuseppe Garibaldi eroe leggendario,Giuseppe Garibaldi eroe leggendario,0,2023,\N,85,Documentary,10.0,11
tt6992710,movie,Gumbo,Gumbo,0,2018,\N,49,Documentary,10.0,7
tt32134708,movie,HOPE Westside High,HOPE Westside High,0,2024,\N,74,Drama,10.0,8
tt30830098,movie,Hamida - En afghansk filmstjärna från Alingsås,Hamida - En afghansk filmstjärna från Alingsås,0,2023,\N,\N,Documentary,10.0,7
tt13088688,movie,Happy Hacker's Day,Happy Hacker's Day,0,2023,\N,\N,"Mystery,Thriller",10.0,169
tt32313487,movie,HiSstory: Primitive,HiSstory: Primitive,0,2022,\N,50,Music,10.0,7
tt19358358,movie,Hijacking for Democracy,Hijacking for Democracy,0,2014,\N,\N,\N,10.0,6
tt32384376,movie,Historias de cuarentena,Historias de cuarentena,0,2020,\N,\N,Documentary,10.0,6
tt28420272,movie,Hora Uncle,Hora Uncle,0,2024,\N,\N,Drama,10.0,16
tt9805208,movie,I Do Not Know What City Happens in His Eyes,I Do Not Know What City Happens in His Eyes,0,2019,\N,74,"Biography,Documentary,Family",10.0,12
tt21330288,movie,I Left My Heart in Colombia,I Left My Heart in Colombia,0,2024,\N,\N,"Adventure,Comedy,Drama",10.0,8
tt29925187,movie,I mille Cancelli di Filippo,I mille Cancelli di Filippo,0,2022,\N,\N,Documentary,10.0,6
tt32422243,movie,Insta Series,Insta Series,0,2024,\N,141,Comedy,10.0,6
tt13509440,movie,Ixel,Ixel,0,2014,\N,\N,Drama,10.0,10
tt16426970,movie,Ka Mon Bajwat,Ka Mon Bajwat,0,1998,\N,\N,Drama,10.0,5
tt10449358,movie,Kaputol,Kaputol,0,2019,\N,120,Drama,10.0,9
tt33075815,movie,Kaveri,Kaveri,0,2024,\N,101,Action,10.0,1050
tt3297522,movie,Kumeyaay Land,Kumeyaay Land,0,2023,\N,\N,"Documentary,Drama",10.0,11
tt32809300,movie,Kwetu,Kwetu,0,2024,\N,75,Drama,10.0,7
tt9303810,movie,"La Nueve, Heroes en el olvido","La Nueve, Heroes en el olvido",0,2023,\N,\N,Documentary,10.0,22
tt12455578,movie,Letters on the Sea,Letters on the Sea,0,2020,\N,109,Drama,10.0,6
tt7205466,movie,Light,Light: Dritë,0,2017,\N,\N,Documentary,10.0,6
tt6468098,movie,Living Utopia and the Birth of Freedom,Living Utopia and the Birth of Freedom,0,2005,\N,\N,Documentary,10.0,8
tt31643812,movie,Los sueños de Pepe - Movimiento 2052,Los sueños de Pepe - Movimiento 2052,0,2024,\N,126,Documentary,10.0,5
tt11870758,movie,Love Live! Series 9th Anniversary LOVE LIVE! FEST,Love Live! Series 9th Anniversary LOVE LIVE! FEST,0,2020,\N,\N,Music,10.0,8
tt31512788,movie,Manadarasi,Manadarasi,0,2024,\N,\N,\N,10.0,8
tt7081410,movie,Mississippi Whistle,Mississippi Whistle,0,2018,\N,90,Documentary,10.0,6
tt34221239,movie,Mitti Naseeb Di,Mitti Naseeb Di,0,2024,\N,77,Drama,10.0,6
tt28789152,movie,My Father,My Father,0,2023,\N,80,Documentary,10.0,11
tt32198949,movie,Noble Vision,Noble Vision,0,2024,\N,\N,Drama,10.0,9
tt29034068,movie,"Northern Nights, Starry Skies","Northern Nights, Starry Skies",0,2023,\N,57,Documentary,10.0,6
tt13509592,movie,Nuriya: Tanita,Nuriya: Tanita,0,2012,\N,5,Music,10.0,8
tt13482606,movie,Olu Bliss: Dive In,Olu Bliss: Dive In,0,2018,\N,8,Music,10.0,9
tt13514554,movie,Open Ocean: Running Wild,Open Ocean: Running Wild,0,2012,\N,2,Music,10.0,9
tt32793266,movie,Ormachithram,Ormachithram,0,2024,\N,124,\N,10.0,12
tt7989204,movie,P Rell: Crucifix,P Rell: Crucifix,0,2013,\N,5,Music,10.0,11
tt33368607,movie,Piri Reis: The Incredible Chart,Piri Reis: The Incredible Chart,0,2024,\N,138,"Action,Adventure,History",10.0,7
tt9080346,movie,Poets Are the Destroyers,Poets Are the Destroyers,0,2021,\N,\N,Drama,10.0,7
tt27004903,movie,Pride,Pride,0,2024,\N,125,"Drama,Mystery,Thriller",10.0,5
tt21065098,movie,Prince Oak Oakleyski Starring Supremacy,Prince Oak Oakleyski Starring Supremacy,0,2023,\N,60,\N,10.0,32
tt11354970,movie,Rainy in Glenageary,Rainy in Glenageary,0,2019,\N,95,Drama,10.0,10
tt22175036,movie,Relentless Ride,Relentless Ride,0,2023,\N,106,Documentary,10.0,12
tt27787044,movie,Right Here Right Now,Right Here Right Now,0,2024,\N,\N,Documentary,10.0,11
tt21403948,movie,Rijali,Rijali,0,2020,\N,56,Drama,10.0,7
tt14063190,movie,Serpentine Pink,Serpentine Pink,0,2022,\N,\N,"Comedy,Drama,Thriller",10.0,14
tt14531810,movie,Shahname Ferdowsi,Shahname Ferdowsi,0,2021,\N,54,Documentary,10.0,6
tt7776640,movie,Shiseido: Ibuki,Shiseido: Ibuki,0,2013,\N,\N,Biography,10.0,11
tt12542334,movie,Shree Atharvana Prathyangira,Shree Atharvana Prathyangira,0,2019,\N,122,Drama,10.0,5
tt33145227,movie,Sins of Ireland,Sins of Ireland,0,2024,\N,\N,Documentary,10.0,8
tt6335682,movie,Sistas Conversation,Sistas Conversation,0,2020,\N,64,Documentary,10.0,9
tt29259789,movie,Sisters & The Shrink 4,Sisters & The Shrink 4,0,2023,\N,\N,Drama,10.0,10
tt30827474,movie,Sisters and the Shrink 5,Sisters and the Shrink 5,0,2023,\N,53,Drama,10.0,6
tt8036286,movie,Sons of St. Clair,Sons of St. Clair,0,2018,\N,\N,"Music,Reality-TV",10.0,9
tt32367709,movie,Standing our ground,Standing our ground,0,2024,\N,\N,Documentary,10.0,8
tt34571787,movie,Sun Tzu's Dream,Sun Tzu's Dream,0,2024,\N,\N,Documentary,10.0,73
tt14317084,movie,Superpower: Ignite Your Intuitive Intelligence,Superpower: Ignite Your Intuitive Intelligence,0,2021,\N,\N,Documentary,10.0,6
tt26917062,movie,Swapnaloka,Swapnaloka,0,2023,\N,100,Drama,10.0,13
tt29921322,movie,Tell Me More About Evil,Tell Me More About Evil,0,2014,\N,49,Music,10.0,13
tt13484152,movie,Tetonica Castro: Home,Tetonica Castro: Home,0,2011,\N,3,Music,10.0,9
tt3823306,movie,The Act of Writing,The Act of Writing,0,2015,\N,\N,Documentary,10.0,12
tt33510921,movie,The Beast of the Bales,The Beast of the Bales,0,2024,\N,101,Documentary,10.0,7
tt16758460,movie,The Bouncer,The Bouncer,0,2024,\N,\N,Action,10.0,5
tt13145694,movie,The Church: Pillar and Ground of the Truth,The Church: Pillar and Ground of the Truth,0,2020,\N,\N,Documentary,10.0,7
tt13156768,movie,The Confessors,The Confessors,0,2020,\N,\N,Documentary,10.0,9
tt12803632,movie,The Dancin' Bulldogs,The Dancin' Bulldogs,0,2020,\N,80,Documentary,10.0,15
tt28522288,movie,The Heretics of London: The Smithfield Martyrs,The Heretics of London: The Smithfield Martyrs,0,2022,\N,80,Documentary,10.0,6
tt14297242,movie,The Humongous Fungus Among Us,The Humongous Fungus Among Us,0,2021,\N,59,Documentary,10.0,8
tt15063026,movie,The Outsiders,The Outsiders,0,2018,\N,60,Documentary,10.0,5
tt29033317,movie,The Tank Hunter,The Tank Hunter,0,2020,\N,\N,Documentary,10.0,132
tt13172076,movie,The True Story of Tamara de Lempicka & The Art of Survival,The True Story of Tamara de Lempicka & The Art of Survival,0,2024,\N,96,Documentary,10.0,12
tt18372080,movie,The World Cruzer,The World Cruzer,0,2022,\N,105,Documentary,10.0,6
tt8427556,movie,The last USSR blues,The last USSR blues,0,1992,\N,\N,Action,10.0,6
tt32550906,movie,Travel from Moscow to Plyos on the ship 'Knyazhna Viktoriya',Travel from Moscow to Plyos on the ship 'Knyazhna Viktoriya',0,2023,\N,67,Documentary,10.0,6
tt27543615,movie,The Hidden Treasure of the Church,Ukryty Skarb Kosciola,0,2023,\N,75,Documentary,10.0,7
tt12622578,movie,Urbex,Urbex,0,2024,\N,\N,"Drama,Thriller",10.0,5
tt31974639,movie,Vaklush,Vaklush,0,2023,\N,100,Documentary,10.0,7
tt26470758,movie,Vida de Atriz,Vida de Atriz,0,2023,\N,77,Drama,10.0,7
tt12825030,movie,10 Days in Watts,Watts Action,0,2023,\N,30,Documentary,10.0,7
tt31720333,movie,When Time Passes,When Time Passes,0,2024,\N,53,Documentary,10.0,6
tt12413918,movie,Zayed's Antarctic Lights,Zayed's Antarctic Lights,0,2018,\N,57,Documentary,10.0,11
tt23397732,movie,Zhuchok,Zhuchok,0,2015,\N,70,\N,10.0,7
